id,created_at,updated_at,deleted_at,nombre,codigo,precio_venta,stock
,,,,CREMA PIEL DE ARMINO FRASCO X 30 GR +JABON DE AZUFRE,7.70589E+12,0,100
,,,,JABON PROTEX AVENA BARRA X 120 GR,7.70201E+12,0,100
,,,,ABRILAR EA 575 JARABE x100mL ENGELHARD,4.10448E+12,0,100
,,,,Aceite Aguacate x 120,7.70958E+12,0,100
,,,,Aceite Almendras x 120,7.70958E+12,0,100
,,,,Aceite Caléndula x 120,7.70984E+12,0,100
,,,,Aceite Coco x 120,7.70999E+12,0,100
,,,,ACEITE DE RICINO FRASCO X 25 ML,7.70715E+12,0,100
,,,,ACEITE J&J ORIGINAL FRASCO X 50 ML,7.70203E+12,0,100
,,,,Aceite Naranja x 120,7.70984E+12,0,100
,,,,Aceite Romero x 120,7.70929E+12,0,100
,,,,Aceite Rosa Mosqueta x 120,7.70951E+12,0,100
,,,,Aceite Zanahoria x 120,7.70984E+12,0,100
,,,,ACETAMINOFEN 500 MG CAJA X 300 TABL,7.70371E+12,0,100
,,,,ACETAMINOFEN 500 MG X 300 TABL,7.70304E+12,0,100
,,,,ACETAMINOFEN 500mg x100 GENFAR,7.70261E+12,0,100
,,,,ACETAMINOFÉN JARABE 150mg / 5mL x90mL AG,7.70657E+12,0,100
,,,,ACETAMINOFÉN JARABE 150mg / 5mL x90mL COASPHARMA S.A.S,7.70371E+12,0,100
,,,,ACETAMINOFÉN JARABE 150mg / 5mL x90mL LAPROFF,7.70304E+12,0,100
,,,,ACETAMINOFEN JARABE FRASCO X 120 ML,7.70304E+12,0,100
,,,,ACETAMINOFEN+CAFEINA *100 TAB ADOREM PLUS,20104010007,0,100
,,,,ACETAMINOFEN+CAFEINA *100 TAB ADOREM PLUS 2+1 OBSEQUIO,2.0104E+11,0,100
,,,,ACICLOVIR 200mg x25 COASPHARMA,7.70371E+12,0,100
,,,,ACICLOVIR 800mg x50 LAPROFF,7.70304E+12,0,100
,,,,ACID MANTLE BABY CREMA X 100 GR 30 GR PRECIO ESPECIAL,7.70212E+12,0,100
,,,,ACIDO BORICO SOBRE X 10 G,7.70715E+12,0,100
,,,,ACIDO RETINOICO 0.05% CREMA POTE X 30 GR,7.70419E+12,0,100
,,,,ACIDO RETINOICO 0.05% LOCION FRASCO X 60 ML,7.70419E+12,0,100
,,,,ACTIVA 21 LEVONORGESTRELETINILESTRADIOL 0.150.03 MG X 21 TABL,7.70727E+12,0,100
,,,,ACTIVIT-B x30 NOVOFARLAB,7.70923E+12,0,100
,,,,ADOREM 500 MG CAJA X 100 TABL,7.70736E+12,0,100
,,,,ADOREM 7+ NIÑOS JBE 150 MG/5ML FC* 120 ML SIEGFRIED,20104010004,0,100
,,,,ADOREM GRIPA* 100 SIEGFRIED,20104010039,0,100
,,,,ADVIL 200 MG CAJA X 60 TABL,7.70213E+12,0,100
,,,,ADVIL CHILDREN IBUPROFENO 100 MG X 60 ML,7.70213E+12,0,100
,,,,ADVIL GRIPA CAJA X 72 CAPSULAS,7.70213E+12,0,100
,,,,ADVIL MAX CAJA X 72 CAP,7.70213E+12,0,100
,,,,ADVIL ULTRA IBUPROFENOCAFEINA 20065 MG X 72 CAP,7.70213E+12,0,100
,,,,AFRIN PEDIATRICO FRASCO X 15 ML,7.7025E+12,0,100
,,,,AGUA DE ROSAS x500mL,7.99192E+11,0,100
,,,,AGUA OXIGENADA JGB FRASCO X 120 ML PAGUE 6 LLEVE 7,7.70256E+12,0,100
,,,,ALBENDAZOL 200 MG CAJA X 2 TABL,7.70261E+12,0,100
,,,,ALCOHOL ANTISEPTICO FRASCO X 350 ML JGB,7.70256E+12,0,100
,,,,ALCOHOL ANTISEPTICO FRASCO X 700 ML JGB,7.70256E+12,0,100
,,,,ALCOHOL ANTISEPTICO FRASCO X 700 ML MK,7.70206E+12,0,100
,,,,ALKA-SELTZER CAJA PAGUE 16 LLEVE 20 TABL,7.70212E+12,0,100
,,,,ALKA-SELTZER EXTREME x20,7.70212E+12,0,100
,,,,ALKA-SELTZER PAGUE 64 LLEVE 74 TABL,7.70212E+12,0,100
,,,,ALLERZITINA 10 MG CAJA X 10 TAB,7.70287E+12,0,100
,,,,ALMIPRO CREMA x125g SAN JORGE,7.70168E+12,0,100
,,,,ALMIPRO UNGUENTO TRATAMIENTO PANALITIS x500gr,7.70168E+12,0,100
,,,,AMBROXOL 15 MG JARABE FRASCO X 120 ML,7.70304E+12,0,100
,,,,AMBROXOL 30 MG JARABE FRASCO X 120 ML,7.70304E+12,0,100
,,,,AMITRIPTILINA 25mg x30 RECIPE,7.7022E+12,0,100
,,,,AMITRIPTILINA 25mg x300,7.7022E+12,0,100
,,,,AMOXICILINA 250 MG5 ML FRASCO X 45 ML,7.70206E+12,0,100
,,,,AMOXICILINA 500 MG X 50 CAP,7.70261E+12,0,100
,,,,AMOXICILINA SUSPENSION x100ml AG,7.70657E+12,0,100
,,,,AMOXIDAL DUO AMOXICILINA 875 MG X 14 COMP,7.79535E+12,0,100
,,,,AMPICILINA 500 MG CAJA X 100 CAP,7.70206E+12,0,100
,,,,ANTAX SUSPENSION FRASCO X 360 ML FRASCO X 170 ML PRECIO ESPECIAL,7.70685E+12,0,100
,,,,APOSITO HANSAPLAST PARA CALLOS CAJA X 6 UND,7.702E+12,0,100
,,,,ARAWAK SUNDARK FPS 60 UV FRASCO X 120 GR,7.70702E+12,0,100
,,,,ASPIRINA PEDIATRICA 100 MG CAJA 140 TABLETAS,7.70212E+12,0,100
,,,,ATORVASTATINA 20mg x50 LAPROFF,7.70304E+12,0,100
,,,,ATORVASTATINA 40mg x30 LAPROFF,7.70304E+12,0,100
,,,,AUTOBRONCEADOR NUDE RISTRA X 6 SOBRES,7.70204E+12,0,100
,,,,AVAMYS FLUTICASONA 27.5 MG SPRAY NASAL X 120 DOSIS,5.03344E+12,0,100
,,,,BACTRODERM ESPUMA FRASCO X 60 ML,7.70218E+12,0,100
,,,,BACTRODERM YODOPOVIDONA BUCOFARINGEO X 60 ML,7.70218E+12,0,100
,,,,BACTRODERM YODOPOVIDONA ESPUMA X 60 ML,7.70218E+12,0,100
,,,,BACTRODERM YODOPOVIDONA SOLUCION X 60 ML,7.70218E+12,0,100
,,,,BANDAS DE CERA DEPILATORIA FACIAL VEET PIEL NORMAL CAJA X 20 BANDAS,8.4136E+12,0,100
,,,,BAYCUTEN N TUBO X 20 GR,7.5013E+12,0,100
,,,,BEDOYECTA TRI SOLUCION INYECTABLE CAJA X 3 JERINGAS PRELLENADAS,7.70729E+12,0,100
,,,,BELLAFACE CAJA X 21 TABL,7.70287E+12,0,100
,,,,BELLAFACE SUAVE X 28 TABL,7.70287E+12,0,100
,,,,BENZIRIN ROSA [BENCIDAMINA HCl] x10 TQ,7.70206E+12,0,100
,,,,BENZIRIN ROSA BENCIDAMINA HCI 0.1% DUCHA VAGINAL CON ROCIADOR X 140 ML,7.70206E+12,0,100
,,,,BETAHISTINA 24 MG X 20 TABL,7.70596E+12,0,100
,,,,"BETAMETASONA 0,1% 40g LAPROFF",7.70304E+12,0,100
,,,,BICARBONATO DE SODIO 400g YOMA,7.70727E+12,0,100
,,,,BIOCALCIUM D CALCIOVITAMINA D 500 MG200 UI X 30 SOBRES,7.70206E+12,0,100
,,,,BIOCROSS x30 OMNILIFE,2075722,0,100
,,,,BIOLADIET STEVIA DISPENSADOR X 150 TABL,7.70301E+12,0,100
,,,,BIOLADIET STEVIA X 500 TAB MAS DISPENSADOR X 150 TAB,7.70301E+12,0,100
,,,,BION3 CAJA X 30 TABLETAS,4.05484E+12,0,100
,,,,BION3 X 90 TABL PACK AHORRO,7.50044E+12,0,100
,,,,BIPERIDENO 2 MG CAJA X 90 TABLETAS,7.70206E+12,0,100
,,,,BLANKISIMA CREMA FRASCO X 32 GR,7.70206E+12,0,100
,,,,BONFIEST PLUS X 32 SOBRES,7.70206E+12,0,100
,,,,BROCOFLEM [HEDERA HELIX] x120mL RUECAM,7.70983E+12,0,100
,,,,BUSCAPINA COMPOSITUM NF HIOSCINAACETAMINOFEN 10500 MG X 20 COMPRIMIDOS,7.70338E+12,0,100
,,,,CALMIDOL MAX CAJA X 48 TABL,7.70626E+12,0,100
,,,,CARBAMAZEPINA 200 MG CAJA X 300 TABL,7.70304E+12,0,100
,,,,CARMELUB TEARS SOLUCION OFTAL FRASCO X 15 ML PAGUE 1 LLEVE 2,7.70206E+12,0,100
,,,,"CARVEDILOL 6,25mg GERFAR x30",7.70261E+12,0,100
,,,,CARVEDILOL 6.25 MG CAJA X 30 TAB +++,7.70206E+12,0,100
,,,,CARVEDILOL 6.25 MG CAJA X 30 TABL,7.70264E+12,0,100
,,,,CEFALEXINA 500 MG X 100 CAP,7.70304E+12,0,100
,,,,CEFALEXINA SUSPENSION 250mg x60ml AG,7.70657E+12,0,100
,,,,CELECOXIB 200mg x10 SANFER,7.7022E+12,0,100
,,,,CENTRUM ADVANCE FRASCO X 100 TABLETAS,7.70213E+12,0,100
,,,,CENTRUM ADVANCE X 30 TABL,7.70213E+12,0,100
,,,,CENTRUM SILVER FRASCO X 100 TABL GRATIS SILVER MEN FRASCO X 30 TABL,7.70213E+12,0,100
,,,,CENTRUM SILVER X 30 TABL,7.70213E+12,0,100
,,,,CEPILLO DENTAL PRO 425 SUAVE,7.70202E+12,0,100
,,,,CEREBRIT FRESA TARRO X 135 GR,7.70235E+12,0,100
,,,,CEREBRIT FRESA TARRO X 330 GR + 1 SOBRE X 50 GR P.ESPECIAL,7.70235E+12,0,100
,,,,CETIRIZINA GOTAS FRASCO X 15 ML,7.70441E+12,0,100
,,,,CICATRICURE CREMA ANTIARRUGAS TUBO X 60 GR,6.5024E+11,0,100
,,,,CIRUELAX FORTE X 60 COMP,7.80351E+12,0,100
,,,,CITROMEL FRASCO X 310 ML,7.70256E+12,0,100
,,,,CLOFENIL GEL 1% TUBO X 50 GR,7.70371E+12,0,100
,,,,CLOPIDOGREL 75 MG CAJA X 10 TABL,7.70304E+12,0,100
,,,,CLORANFENICOL 250mg x50 COLMED,7.70315E+12,0,100
,,,,CLORFENIRAMINA 2MG JBE X 120 ML PRECIO ESPECIAL LABINCO,26420003101,0,100
,,,,CLORFENIRAMINA 4 MG CAJA X 20 TABL,7.70371E+12,0,100
,,,,CLORHEXOL ENJUAGUE BUCAL FRASCO X 180 ML,7.70503E+12,0,100
,,,,CLORURO DE MAGNESIO CÁPSULA x30 NATURAL FRESHLY,7.70777E+12,0,100
,,,,CLOTRIMAZOL 100 MG CAJA X 10 OVULOS,7.70315E+12,0,100
,,,,CLOTRIMAZOL 2%+ METRONIDAZOL 10% CREMA VAGINAL*40 GR GYNOFLOR SIEGFRIED,20104015910,0,100
,,,,CLOTRIMAZOL SOLUCION FRASCO X 30 ML,7.70304E+12,0,100
,,,,"COLCHICINA 0,5mg x40 LAPROFF",7.70304E+12,0,100
,,,,COMPLEJO B + ZINC x30 GCFARMA,7.70723E+12,0,100
,,,,COMPLEJO B AMP X 10 ML ECAR,7.70218E+12,0,100
,,,,COMPLEJO B CAJA X 300 TABL LAPROFF,7.70304E+12,0,100
,,,,COMPLEJO B x250 ECAR,7.70218E+12,0,100
,,,,CONDONES DUREX REAL FEEL CAJA X 3 UNIDADES,7.70263E+12,0,100
,,,,CONDONES XTREM NORMAL LUBRICADO CAJA X 144 UND,7.70727E+12,0,100
,,,,CONGESTEX CAJA X 60 CAP,7.70355E+12,0,100
,,,,COREGA CAJA X 30 TABL,7.79464E+12,0,100
,,,,CORTA CUTÍCULA ICOM,7.70477E+12,0,100
,,,,CORTAUÑAS GRANDE ICOM,7.70477E+12,0,100
,,,,CORTAUÑAS PEQUEÑO ICOM,7.70477E+12,0,100
,,,,CREMA #4 ORIGINAL x20g TQ,7.70206E+12,0,100
,,,,CREMA ADHESIVA PROQUIDENT MENTA TUBO X 40 GR X2UI P/ESPECIAL,7.70231E+12,0,100
,,,,CREMA ADHESIVA PROQUIDENT SIN SABOR TUBO X 40 GR X2UI P/ESPECIAL,7.70231E+12,0,100
,,,,CREMA CORPORAL LUBRIDERM HUMECTACION DIARIA X 120 ML,7.70203E+12,0,100
,,,,CREMA CORPORAL LUBRIDERM HUMECTACION DIARIA X 200 ML,7.70203E+12,0,100
,,,,CREMA DENTAL COLGATE TRIPLE ACCION MEGA CREMA TUBO X 60 ML,7.70201E+12,0,100
,,,,CREMA DENTAL COLGATE TRIPLE ACCION TUBO X 50 ML GRATIS CEPILLO,7.70201E+12,0,100
,,,,CREMA DENTAL COLGATE TRIPLE ACCION X 22 ML,7.70201E+12,0,100
,,,,CREMA DENTAL COLGATE TRIPLE ACCION X 50 ML GRATIS CEPILLO,7.50955E+12,0,100
,,,,CREMA DENTAL SENSODYNE REPARA PROTEGE TUBO X 100 ML,7.79464E+12,0,100
,,,,CREMA LUBRIDERM EXTRA HUMECTANTE FRASCO X 120 ML,7.50101E+12,0,100
,,,,CREMA LUBRIDERM HUMECTACION DIARIA X 400 120 ML PRECIO ESPECIAL,7.70203E+12,0,100
,,,,CREMA LUBRIDERM PIEL SENSIBLE FRASCO X 120 ML,7.70204E+12,0,100
,,,,CREMA LUBRIDERM REPARACION INTENSIVA 120 ML,7.50101E+12,0,100
,,,,CREMA LUBRIDERM REPARACION INTENSIVA 200 ML,7.70204E+12,0,100
,,,,CREMA LUBRIDERM UV-15 FRASCO X 946 ML,7.70203E+12,0,100
,,,,CREMA N 4 MEDICADA TUBO X 30 GR,7.70206E+12,0,100
,,,,CREMA NIVEA BODY HIDRATACION EXPRESS FRASCO X 125 ML AHORRE $1000,7.702E+12,0,100
,,,,CREMA NIVEA LATA X 60 GR PAGUE 5 LLEVE 6,7.702E+12,0,100
,,,,CREMA PEINAR KONZIL ACEITE DE ALMENDRAS CAJA X 18 SOBRES,7.70205E+12,0,100
,,,,CREMA PEINAR KONZIL SEDA LIQUIDA CAJA X 18 SOBRES,7.70205E+12,0,100
,,,,CREMA PONDS CLARANT B3 PIEL NORMAL A SECA CAJA X 10 SS,7.70201E+12,0,100
,,,,CREMA PONDS REJUVENESS CAJA X 10 SOBRES,7.70201E+12,0,100
,,,,CREMOQUINONA 4% TUBO X 30 GR,7.7022E+12,0,100
,,,,CRONODERM FEM EMULSION HUMECTANTE INTIMA X 50 GR,7.70728E+12,0,100
,,,,CRONOFEN [ACETAMINOFEN] 500mg x400 NOVAMED,7.70355E+12,0,100
,,,,CURATOS JARABE x125mL MEDICBRAND [COASPHARMA],7.70371E+12,0,100
,,,,CURITAS ADHESIVAS COLOR PIEL x10 BEGUT,7.70728E+12,0,100
,,,,CURITAS ADHESIVAS COLOR PIEL x100 BEGUT,7.70728E+12,0,100
,,,,CURITAS LEUKOPLAST COLOR PIEL CAJA X 100 UND,7.70733E+12,0,100
,,,,CURITAS REDONDAS ADHESIVAS COLOR PIEL x10 BEGUT,7.70912E+12,0,100
,,,,CURITAS REDONDAS ADHESIVAS COLOR PIEL x100 BEGUT,7.70728E+12,0,100
,,,,CYCLOFEM 0.5 ML CAJA X 1 AMP,7.70369E+12,0,100
,,,,DAYAMINERAL JARABE FRASCO X 240 ML +++,7.70319E+12,0,100
,,,,DELTAFLUORENE CAJA X 20 COMP,7.70277E+12,0,100
,,,,DELTMOIX 500mg x10 DELTA,6.92188E+12,0,100
,,,,DEPILADOR CON PUNTA DE ÁNGULO ICOM,7.70477E+12,0,100
,,,,DERMASKIN CREMA TUBO X 20 GR,7.70371E+12,0,100
,,,,DERMASKIN CREMA TUBO X 40 GR,7.70371E+12,0,100
,,,,DERMOVATE CLOBETASOL 0.05% CREMA X 30 GR,7.89627E+12,0,100
,,,,DESCONGEL GRIPA CJA* 100 CAPS CHALVER OFERTA,1100015255OBS,0,100
,,,,DESLORATADINA 5 MG CAJA X 10 TABL,7.70304E+12,0,100
,,,,DESODORANTE BALANCE CREMA CLINICAL MEN CAJA X 16 SOBRES GRATIS 2,7.70203E+12,0,100
,,,,DESODORANTE BALANCE CREMA CLINICAL WOMEN X 16 SOBRES GRATIS 2,7.70203E+12,0,100
,,,,DESODORANTE REXONA AEROSOL BAMBOO FRASCO X 175 ML X 2 UND P. ESP,7.70201E+12,0,100
,,,,DESODORANTE REXONA CLINICAL CLEAN MEN CAJA PAGUE 18 LLEVE 20 SOBRES,7.70201E+12,0,100
,,,,DESODORANTE REXONA CREMA WOMEN CLINICAL CLASSIC CAJA PAGUE 18 LLEVE 20 SOBRES,7.70201E+12,0,100
,,,,"DESONIDA 0,05% x15g SANFER",7.7022E+12,0,100
,,,,DESONIDA 0.05% CREMA TUBO X 15 ML,7.70716E+12,0,100
,,,,DESONIDA 0.1% CREMA TUB 15GR 3+1 OBSEQUIO SIEGFRIED,2.0104E+11,0,100
,,,,DESONIDA 0.1% CREMA TUB 15GR SIEGFRIED,20104011024,0,100
,,,,DESONIDA 0.1% CREMA TUBO X 15 ML,7.70716E+12,0,100
,,,,DESONIDA 0.5% CREMA TUB 15GR 3+1 OBSEQUIO SIEGFRIED,2.0104E+11,0,100
,,,,DESONIDA 0.5% CREMA TUB 15GR SIEGFRIED,20104011023,0,100
,,,,DICLOFENACO 100MG x20 CAPSULAS AG,7.70657E+12,0,100
,,,,DICLOFENACO 50mg x400 LAPROFF,7.70304E+12,0,100
,,,,DICLOFENACO GEL TUBO X 50 GR,7.70371E+12,0,100
,,,,DICLOXACILINA 500 MG X 50 CAP,7.70657E+12,0,100
,,,,DIEXSOPRAZOL [ESOMEPRAZOL] 40mg x30,7.70702E+12,0,100
,,,,DIFENHIDRAMINA JARABE FRASCO X 120 ML,7.70304E+12,0,100
,,,,DIGESTA 250 MG CAJA X 20 CAP,7.70315E+12,0,100
,,,,DIGESTA GOTAS FRASCO X 20 ML,7.70315E+12,0,100
,,,,DIHIDROCODEINA 2.42 MG/ML X 120ML,7.70732E+12,0,100
,,,,DILOX 600 MG X 20 TABL,7.70355E+12,0,100
,,,,DIPIRONA 500 MG X 100 TABL,7.70343E+12,0,100
,,,,DIPROSPAN BETAMETASONA DIPROPIONATOBETAMETASONA FOSFATO 52 MG X 1 ML,7.7025E+12,0,100
,,,,DITOPAX CAJA X 50 TABL,7.7025E+12,0,100
,,,,DOLEX GRIPA 500 MG CAJA X 12 TABLETAS,7.45108E+12,0,100
,,,,DOLEX GRIPA ACETAMINOFENCLORFENIRAMINAFENILEFRINA X 100 TABL,7.45108E+12,0,100
,,,,DOLEX JARABE BEBES FRASCO X 60 ML,7.44103E+12,0,100
,,,,DOLEX JARABE NINOS 7 FRASCO X 120 ML,7.50104E+12,0,100
,,,,DOLEX NINOS 2 ACETAMINOFEN JARABE X 90 ML,7.70717E+12,0,100
,,,,DOLOFF 7.5325 MG X 10 TABLETAS,7.70404E+12,0,100
,,,,DOMEBORO ACETATO DE ALUMINIO PAGUE 25 LLEVE 30 SOBRES,7.70212E+12,0,100
,,,,DOSFLEM JARABE NIÑOS x120mL LG-PHARMA,7.70736E+12,0,100
,,,,DRAMAMINE [DIMENHIDRINATO] 50mg x24 JANSSEN-CILAG,7.50101E+12,0,100
,,,,DUCHA INTIMA AZUL FRASCO X 120 ML,7.70311E+12,0,100
,,,,DUCHA INTIMA AZUL VINAGRE FRASCO X 120 ML,7.70311E+12,0,100
,,,,DULCOLAX BISACODILO 5 MG X 20 GRAGEAS,7.70338E+12,0,100
,,,,EDAPIL M MINOXIDIL 5% ESPUMA X 100 ML,7.70328E+12,0,100
,,,,ELECTROLIT SUERO REHIDRATANTE COCO X 625 ML,7.50113E+12,0,100
,,,,ELECTROLIT SUERO REHIDRATANTE FRESA x625mL PISA,7.50113E+12,0,100
,,,,ELECTROLIT SUERO REHIDRATANTE FRESA-KIWI x625mL PISA,7.50113E+12,0,100
,,,,ELECTROLIT SUERO REHIDRATANTE JAMAICA x625mL PISA,7.50113E+12,0,100
,,,,ELECTROLIT SUERO REHIDRATANTE LIMA-LIMÓN x625mL PISA,7.50113E+12,0,100
,,,,ELECTROLIT SUERO REHIDRATANTE MANZANA x625mL PISA,7.50113E+12,0,100
,,,,ELECTROLIT SUERO REHIDRATANTE MARACUYÁ x625mL PISA,7.50113E+12,0,100
,,,,ELECTROLIT SUERO REHIDRATANTE MORA-AZUL x625mL PISA,7.50113E+12,0,100
,,,,ELECTROLIT SUERO REHIDRATANTE NARANJA-MANDARINA x625mL PISA,7.50113E+12,0,100
,,,,ELECTROLIT SUERO REHIDRATANTE UVA x625mL PISA,7.50113E+12,0,100
,,,,EMULSION DE SCOTT TROPICAL FRASCO X 450 ML,7.70717E+12,0,100
,,,,EMULSIÓN SCOTT CEREZA x180mL HALEÓN,7.70717E+12,0,100
,,,,EMULSIÓN SCOTT CEREZA x360mL HALEÓN,7.70717E+12,0,100
,,,,EMULSIÓN SCOTT TRADICIONAL x180mL HALEÓN,7.70717E+12,0,100
,,,,EMULSIÓN SCOTT TRADICIONAL x360mL HALEÓN,7.70717E+12,0,100
,,,,ENALAPRIL 20 MG X 330 TABL,7.70371E+12,0,100
,,,,ENALAPRIL 5 MG CAJA 30 TABLETAS AMEG,7.70657E+12,0,100
,,,,ENALAPRIL 5 MG X 50 TABL,7.70371E+12,0,100
,,,,ENCRESPADOR DE PESTAÑAS ICOM,7.70477E+12,0,100
,,,,ENJUAGUE BUCAL LISTERINE CONTROL CALCULO X 180 ML,7.70204E+12,0,100
,,,,ENJUAGUE BUCAL LISTERINE COOL MINT X 180 ML,7.70204E+12,0,100
,,,,ENJUAGUE BUCAL LISTERINE COOL MINT ZERO X 180 ML,7.70203E+12,0,100
,,,,ENJUAGUE BUCAL LISTERINE CUIDADO TOTAL X 180 ML,7.70204E+12,0,100
,,,,ENSURE ADVANCE LIQUIDO VAINILLA BOTELLA X 220 ML PACK X 4 UNIDADES,7.70319E+12,0,100
,,,,ENSURE ADVANCE LIQUIDO VAINILLA BOTELLA X 220 ML PACK X 6 UND PRECIO ESPECIAL,7.70319E+12,0,100
,,,,ENSURE ADVANCE LIQUIDO VAINILLA BOTELLA X 237 ML,7.70319E+12,0,100
,,,,ENSURE ADVANCE VAINILLA 1.08kcal/mL x220mL ABBOTT,8.71043E+12,0,100
,,,,ENSURE LIQUIDO VAINILLA BOTELLA X 237 ML,7.70319E+12,0,100
,,,,ENZIMAR 10 MG CAJA X 30 TABL,7.70707E+12,0,100
,,,,EQUILID 50 MG CAJA X 30 CAP,7.70277E+12,0,100
,,,,EQUIPO DE MACROGOTEO SIN AGUJA x1 ALFASAFE,7.70723E+12,0,100
,,,,ESPASMYDOL [METOCARBAMOL + IBUPROFENO] x20 LABQUIFAR,7.70702E+12,0,100
,,,,ESPIRONOLACTONA 100 MG CAJA X 20 TABLETAS,7.70729E+12,0,100
,,,,ESPIRONOLACTONA 25 MG CAJA X 20 TABL,7.70304E+12,0,100
,,,,EUTIROX 50 MCG CAJA X 50 TABLETAS,7.5013E+12,0,100
,,,,EUTIROX LEVOTIROXINA 50 MCG X 50 TABL,7.70242E+12,0,100
,,,,EXTRACTOR DE LECHE PLUS RICHARD VIDRIO CAJA X 1 UND,7.7072E+12,0,100
,,,,FACETIX 2.0 MG/0.035 MG CAJA 21 TABLETAS,7.70719E+12,0,100
,,,,FACETIX ETINILESTRADIOLCIPROTERONA 0.032.02 MG X 21 TABL,7.70221E+12,0,100
,,,,FACETIX MINI ETINILESTRADIOLCIPROTERONA 202.0 MG X 28 TABL,7.70287E+12,0,100
,,,,FACETIX SUAVE ETINILESTRADIOLCIPROTERONA 202.0 MCG X 28 TABL,7.70287E+12,0,100
,,,,FARMALAX PEG POLIETILENGLICOL 3350 1 MCG X 15 SOBRES,7.70218E+12,0,100
,,,,FEMDUO (METRONIDAZOL/CLOTRIMAZOL) 500/100 MG CAJA X 10 OVULOS,7.70315E+12,0,100
,,,,FEXOFENADINA 120 MG X 10 TABL,7.70315E+12,0,100
,,,,FITOSTIMOLINE TRITICUM VULGARE CREMA X 15 GR,7.70423E+12,0,100
,,,,FLUCONAZOL 200mg x100 LAPROFF,7.70304E+12,0,100
,,,,FLUIMUCIL 200 MG CAJA X 30 SOBRES,7.70345E+12,0,100
,,,,FLUIMUCIL 4% JARABE FRASCO X 120 ML,7.70345E+12,0,100
,,,,FLUIMUCIL 600 MG CAJA X 30 SOBRES,7.70345E+12,0,100
,,,,FLUZETRIN F ACETAMINOFENCETIRIZINAFENILEFRINA X 10 TABL,7.70389E+12,0,100
,,,,FOSFOGEN CAJA X 20 TABL,7.70646E+12,0,100
,,,,FOSFOGEN X 40 TABL,7.70646E+12,0,100
,,,,FOTO ULTRA 100 ISDIN ACTIVE UNIFY COLOR SPF 50 FRASCO X 50 ML,8.47E+12,0,100
,,,,FUNEX 200 MG CAJA X 7 CAP,7.70355E+12,0,100
,,,,FYBOGEL GRANULADO NARANJA CAJA X 10 SOBRES,5.00016E+12,0,100
,,,,GALVUS-MET VILDAGLIPTINAMETFORMINA 50850 MG X 56 TABL,7.70264E+12,0,100
,,,,GASTROFULL DOBLE ACCIÓN SACHETS 10mL x24 COASPHARMA,7.70371E+12,0,100
,,,,GASTROFULL SUSPENSION FRASCO X 150 ML,7.70371E+12,0,100
,,,,GASTRUM 10 MG CAJA X 48 TABL,7.70287E+12,0,100
,,,,GASTRUM PLUX SACHETS [HIDROTALCITA] 10% 10mL x10 LAFRANCOL,7.70287E+12,0,100
,,,,GAVISCON DOBLE ACCIÓN SACHETS 10mL x12 RECKITT BENCKISER HEALTHCARE,7.70263E+12,0,100
,,,,GAVISCON SUSPENSION FRASCO X 300 ML,7.70263E+12,0,100
,,,,GEL LUBRICANTE KY X 15 G,7.70263E+12,0,100
,,,,GEL LUBRICANTE KY X 50 G,7.89101E+12,0,100
,,,,GENOPRAZOL OMEPRAZOL 20 MG X 14 CAP,6.5024E+11,0,100
,,,,GENTAMICINA GOTAS 0.3% x 6ml COLMED,7.70315E+12,0,100
,,,,GESTAVIT DHA X 30 CAP,7.70315E+12,0,100
,,,,GLIFORMIN METFORMINA 1000 MG X 30 TABL,7.70532E+12,0,100
,,,,GLUCERNA LIQUIDO VAINILLA BOTELLA X 237 ML PACK X 4 UND,7.70319E+12,0,100
,,,,GLUCERNA LIQUIDO VAINILLA BOTELLA X 237 ML PACK X 6 UND,7.70319E+12,0,100
,,,,GRIPOFEN x120mL FABRIFARMA,7.70575E+12,0,100
,,,,GUANTES DE LATEX BLANCO x100,4.96842E+12,0,100
,,,,GUANTES DE NITRILO AZUL TALLA L ALPHASAFE x100,7.70723E+12,0,100
,,,,GUAYACOLATO DE GLICERINO JARABE 2% x120mL MEMPHIS,7.70441E+12,0,100
,,,,GUAYAPROFF JARABE FCO X 120 ML,7.70304E+12,0,100
,,,,GUAYAPROFF JARABE x120mL LAPROFF,7.70304E+12,0,100
,,,,HIDRAPLUS SUERO ORAL 75mEq ZINC TQ,7.70206E+12,0,100
,,,,HIDRAPLUS ZINC 75 CEREZA FRASCO X 400 ML,7.70206E+12,0,100
,,,,HIDRAPLUS ZINC 75 MANZANA FRASCO X 400 ML,7.70206E+12,0,100
,,,,HIDROQUINONA 3% x120mL LAB SOREL,7.70345E+12,0,100
,,,,HIDROXIDO DE ALUMINIOMAGNSIMET FRASCO X 360 ML,7.70371E+12,0,100
,,,,HIELO MINERAL SPORT LOCION REFRESCANTE FCO X 120 ML,7.70547E+12,0,100
,,,,HIOSCINA N-BUTILBROMURO 10 MG CAJA X 400 TABL,7.70304E+12,0,100
,,,,HUMYLUB OFTENO CONDROITINAHIALURONATO DE SODIO 1.81 MG OFTALMICO X 15 ML,7.36085E+12,0,100
,,,,IBUFLASH MIGRAN ACETMINOFENCAFEINAIBUPROFENO X 30 CAP,7.70206E+12,0,100
,,,,IBUFLASH MIGRAN ACETMINOFENCAFEINAIBUPROFENO X 8 CAP,7.70206E+12,0,100
,,,,IBUFLASH MIGRAN CAJA X 18 CAP,7.70206E+12,0,100
,,,,IBUFLASH ULTRA FORTE CAJA X 18 CAP,7.70206E+12,0,100
,,,,IBUFLASH ULTRA FORTE CAJA X 8 CAP,7.70206E+12,0,100
,,,,IBUPROFENO SUSPENSION (BUPROFEN) FRASCO X 120 ML,7.70702E+12,0,100
,,,,IMPOTHOS JARABE [HEDERAHELIX] x120mL IMPOFAR LTDA,7.70734E+12,0,100
,,,,IOFI HIERROACIDO ASCORBICOACIDO FOLICO 60700.04 MG X 30 TA,7.70304E+12,0,100
,,,,IRBESARTAN 150 MG X 30 TABL,7.70206E+12,0,100
,,,,IRBIGEN IRBESARTAN 150 MG X 30 TABL,8.90373E+12,0,100
,,,,ISODINE CAJA X 24 OVULOS,7.7022E+12,0,100
,,,,"ITROCSONA CREMA [DESONIDA] 0,1% x15g BLASKOV",7.7029E+12,0,100
,,,,Jab Crem Exf Coco x 500,7.70898E+12,0,100
,,,,JABON ALERGIBON AVENA BARRA X 90 GR 11,7.70328E+12,0,100
,,,,JERINGA ALFA 3P CC 21X1 1/2 x100 ALFASAFE,7.70723E+12,0,100
,,,,KETOTIFENO 1mg SANFER x30,7.7022E+12,0,100
,,,,KETOTIFENO SUSPENSION FRASCO X 100 ML,7.70304E+12,0,100
,,,,KIT MANICURA-PEDICURA ICOM,7.70477E+12,0,100
,,,,KRODEX COMPUESTO [METRONIDAZOL 300mg + NIFUROXAZIDA 200mg] x20 MEDICBRAND [COASPHARMA],7.70371E+12,0,100
,,,,LADIET DISPENSADOR X 150 TABL,7.70301E+12,0,100
,,,,LADIET X 500 TAB MAS DISPENSADOR X 150 TAB,7.70301E+12,0,100
,,,,LASONIL ACTIVE GEL X 30 GR,7.70735E+12,0,100
,,,,LEVOTIROXINA 100mcg x150 COLMED,7.70315E+12,0,100
,,,,LEVOTIROXINA 50 MCG CAJA X 30 TABL,7.70315E+12,0,100
,,,,LEVOTIROXINA 50 MG* 50 TAB SIEGFRIED,20104017660,0,100
,,,,LEVOTIROXINA 50mcg x150 COLMED,7.70315E+12,0,100
,,,,LIDOCAINA HIDROCORTISONA 50.25 GR UNGUENTO X 10 GR,7.70459E+12,0,100
,,,,LIDOPROCTO UNGUENTO TUBO X 10 GR,7.70459E+12,0,100
,,,,LOMECAN V 2% CREMA VAGINAL TUBO X 20 GR,6.5024E+11,0,100
,,,,LOPERAMIDA 2 MG CAJA X 240 TABL,7.70304E+12,0,100
,,,,LORATADINA JARABE FRASCO X 100 ML,7.70304E+12,0,100
,,,,JERINGA ALFA 3P 3 ML 21X1 1/2 x100 ALFASAFE,7.70723E+12,0,100
,,,,ZIFLUVIS [ACETILCISTEÍNA] 200mg BIOQUIFAR,7.70702E+12,0,100
,,,,JERINGA DESECHABLE 3mL CON AGUJA 21GX1 1/2 x100 DISPOCOL,7.70999E+12,0,100
,,,,JERINGA DESECHABLE 5mL CON AGUJA 21GX1 1/2 x100 DISPOCOL,7.70999E+12,0,100
,,,,TRAVAD ENEMA 133mL TQ,7.70206E+12,0,100
,,,,SIMPIOX IVERMECTINA 6mg/mL,7.70721E+12,0,100
,,,,LOVASTATINA 20 MG X 300 TABL,7.70304E+12,0,100
,,,,LUBRICANTE INTIMO FISIOMAX X 30 SOBRES,7.70345E+12,0,100
,,,,LYRICA PREGABALINA 50 MG X 30 CAP,7.70328E+12,0,100
,,,,LYRICA PREGABALINA SOLUCION ORAL X 105 ML,7.70328E+12,0,100
,,,,MANGUERA ESPIRAL ENCAUCHADA 36,7.70435E+12,0,100
,,,,MANTECA DE CACAO DISANFER CAJA X 12 LABIALES X 5 GR,7.70715E+12,0,100
,,,,MANZANILLA SOLUCION OFTAL FRASCO X 15 ML,7.36085E+11,0,100
,,,,MAREOL [DIMENHIDRINATO] 50mg x72 HALEÓN,7.70213E+12,0,100
,,,,MEBUCAINA FORTE CAJA X 10 TABL,7.7074E+12,0,100
,,,,MEBUCAINA FORTE CAJA X 100 TABL,7.7074E+12,0,100
,,,,MELOXICAM 7.5mg x10 MEMPHIS,7.70441E+12,0,100
,,,,MENTICOL AMARILLO FRASCO X 130 ML,7.70228E+12,0,100
,,,,MENTICOL AMARILLO FRASCO X 60 ML,7.70228E+12,0,100
,,,,MESIGYNA 1 ML 50/5 MG INYECTABLE CJA 1 AMPOLLA JERINGA PREL,7.5013E+12,0,100
,,,,METARSAL N CAJA X 18 CAPSULAS,7.70316E+12,0,100
,,,,METATITANE CREMA 40g REMO,7.70571E+12,0,100
,,,,METFORMINA 850 MG CAJA X 300 TABL,7.70304E+12,0,100
,,,,METOCARBAMOL 750 MG CAJA X 300 TABL,7.70304E+12,0,100
,,,,METOCLOPRAMIDA GOTAS FRASCO X 30 ML,7.70371E+12,0,100
,,,,METOPROLOL 50 MG X 300 TABL,7.70304E+12,0,100
,,,,METOTREXATO 2.5 MG X 100 COMP,7.79222E+12,0,100
,,,,METRONIDAZOL 500MG X200 OVULOS,7.70315E+12,0,100
,,,,MICROGYNON 30 ETINILESTRADIOLLEVONORGESTREL 0.030.15 MCG X 21 GRAG,7.89612E+12,0,100
,,,,MIELTERTOS MASTICABLE MIEL Y PROPOLEO X 12 SOBRES X 4 TAB CU,7.70723E+12,0,100
,,,,MIGRADOL (ERGOTAMINACAFEINA) 1100 MG CAJA X 30 TABL,7.70737E+12,0,100
,,,,MILPAX-NF CEREZA SACHETS 10mL x12 ALTEA FARMACÉUTICA,7.70345E+12,0,100
,,,,MINIPIL SUAVE CAJA X 21 TABL,7.70287E+12,0,100
,,,,MINORA CUCHILLA CAJA X 5 UND,7.50044E+12,0,100
,,,,MINOXIDIL 5% HERSON 70ML SPRAY,7.70731E+12,0,100
,,,,MINOXIDIL FORTE SOLUCION TOPICA 5% FRASCO X 60 ML,7.70596E+12,0,100
,,,,MINOXIDIL SOLUCION TOPICA 5% FORTE FRASCO X 60 ML,7.70206E+12,0,100
,,,,MIO-RELAX [TIZANIDINA] 2mg x10 BIOQUIFAR,7.70702E+12,0,100
,,,,MIO-RELAX [TIZANIDINA] 4mg x10 BIOQUIFAR,7.70702E+12,0,100
,,,,MONTELUKAST 10 MG CAJA X 10 TABL,7.70657E+12,0,100
,,,,MOTAS DORMOLAS FRASCO X 8 ML,7.70265E+12,0,100
,,,,MOVIDOL CAJA X 48 TABL,7.70287E+12,0,100
,,,,MUCOTROP JARABE NIÑOS x120mL ANGLOPHARMA,7.70704E+12,0,100
,,,,MULTISOLUTER x50mL OOPHARM,7.70728E+12,0,100
,,,,NAPROXENO 500 MG X 300 TABL,7.70304E+12,0,100
,,,,NASONEX MOMETASONA NASAL 18 GR X 140 DOSIS,7.7025E+12,0,100
,,,,NATRILIX SR INDAPAMIDA 1.5 MG X 30 TABL,3.59446E+12,0,100
,,,,NECROTON CAJA x8,7.70644E+12,0,100
,,,,NELIND CREMA x40g COASPHARMA,7.70371E+12,0,100
,,,,NEOGYNON ETINILESTRADIOLLEVONORGESTREL 0.05025 MG X 21 TABL,7.89612E+12,0,100
,,,,NEUBALIN [PREGABALINA] 75mg x30 HETERO,8.90373E+12,0,100
,,,,NEUROBION [TIAMINA + PIRIDOXINA] TABLETAS x30 P&G,7.70242E+12,0,100
,,,,NEUROBION x30,7.70242E+12,0,100
,,,,NEXT GRIPA CAJA X 48 TAB,6.5024E+11,0,100
,,,,NEXT GRIPA CAJA X 8 TAB,6.5024E+11,0,100
,,,,NIFLAMIN PL FORTE 15 MG CAJA X 5 CAP,7.70338E+12,0,100
,,,,NISTATINAOXIDO DE ZINC CREMA TUBO X 60 GR,7.70315E+12,0,100
,,,,NIXODERM CREMA X 20 GR,7.70309E+12,0,100
,,,,NIXODERM JABON BARRA AZUFRE X 100 GR,7.70309E+12,0,100
,,,,NOFERTYL NORETISTERONAESTRADIOL 505 MG X 1 AMP,7.70287E+12,0,100
,,,,NORAVER GRIPA FAST TOTAL IBUPROFENOLEVOCETIRIZINAFENILEFRINA X 12 CAP,7.70206E+12,0,100
,,,,NORAVER-P CEREZA X 12 TABL,7.70206E+12,0,100
,,,,NORAVER-P CEREZA X 96 TABL,7.70206E+12,0,100
,,,,NORAVER-P MENTA CAJA X 12 TABL,7.70206E+12,0,100
,,,,NORAVER-P NARANJA MIEL X 12 TABL,7.70206E+12,0,100
,,,,NOTUSIN JARABE NIÑOS x120mL SIEGFRIED S.A.S,7.70736E+12,0,100
,,,,NOVALGINA DIPIRONA 500 MG X 50 TABL,7.50117E+12,0,100
,,,,NOVOXICAM [MELOXICAM] 15mg x10 NOVOFARLAB,7.70923E+12,0,100
,,,,NOXPIRIN DIA SOBRES X24 SIEGFRIED,7.70736E+12,0,100
,,,,NOXPIRIN F CALIENTE DIA * 24 SOB SIEGFRID,20104011113,0,100
,,,,NOXPIRIN F JUNIOR FRASCO 120 ML JARABE,7.70736E+12,0,100
,,,,NOXPIRIN F JUNIOR FRASCO 60 ML JARABE,7.70736E+12,0,100
,,,,NOXPIRIN F JUNIOR JBE * 120ML SIEGFRIED,20104011108,0,100
,,,,NOXPIRIN F JUNIOR JBE *60ML SIEGFRIED,20104011107,0,100
,,,,NOXPIRIN F ULTRA ADULTO FRASCO 120 ML JARABE,7.70736E+12,0,100
,,,,NOXPIRIN F ULTRA ADULTO FRASCO 60 ML JARABE,7.70736E+12,0,100
,,,,NOXPIRIN PLUS CAJ *120 CAPS SIEGFRIED,20104017616,0,100
,,,,NOXPIRIN PLUS CAJA PAGUE 120 LLEVE 124 CAPS,7.70736E+12,0,100
,,,,NOXPIRIN PLUS CAJA x120,7.70736E+12,0,100
,,,,NOXPIRIN PLUS PAGUE 120 LLEVE 124 CAPS SIEGFRIED,20104020385,0,100
,,,,NUTRIGEL ADVANCE MANDARINA CAJA X 30 SOBRES,7.70315E+12,0,100
,,,,NUTRIGEL ADVANCE NEUTRO CAJA X 30 SOBRES,7.70315E+12,0,100
,,,,OCEIRA LEVONORGESTRELETINILESTRADIOL 0.150.03 MG X 21 TABL,7.70369E+12,0,100
,,,,OFTALMOTRILUB CARBOXIMETILCELULOSA 0.5% OFTALMICA X 15 ML,7.70631E+12,0,100
,,,,OFTAMOX MOXIFLOXACINO 0.5 % OFTALMICO X 5 ML,7.70206E+12,0,100
,,,,OLANZAPINA 5mg x30 MK,7.70206E+12,0,100
,,,,OMEGA 3 1000mg x30 NATURALMENTENF,7.70706E+12,0,100
,,,,OPHARFLEX POLIMICINANEOMICINADEXAMETASONA OFTALMICO X 5 ML,7.70728E+12,0,100
,,,,ORLISTAT 120mg x30 ECAR,7.70218E+12,0,100
,,,,OROCAL+D [CALCIO + VITAMINA D] x30 LEBRIUT,7.70304E+12,0,100
,,,,OSCILLOCOCCINUM X 30 UND,7.70287E+12,0,100
,,,,OSCILLOCOCCINUM X 6 UND PAGUE 1 LLEVE 2,7.70221E+12,0,100
,,,,OSMOTEARS [ALCOHOL POLIVINILICO 1.4%] GOTAS x15ml OPHARM,7.70728E+12,0,100
,,,,OXIGENTA 10vol VENUX LINEA COSMÉTICA,7.70918E+12,0,100
,,,,OXIGENTA 20vol VENUX LINEA COSMÉTICA,7.70992E+12,0,100
,,,,OXIGENTA 30vol VENUX LINEA COSMÉTICA,7.70918E+12,0,100
,,,,OXIGENTA 40vol VENUX LINEA COSMÉTICA,7.70918E+12,0,100
,,,,OXIGENTA EN CREMA 10vol BELOTTI,7.70731E+12,0,100
,,,,OXIMETAZOLINA 0.025% FRASCO X 15 ML,7.70376E+12,0,100
,,,,OXIMETAZOLINA 0.05% FRASCO X 15 ML,7.70376E+12,0,100
,,,,OXIMETAZOLINA 0.05% NASAL FRASCO X 15 ML,7.70206E+12,0,100
,,,,"OXIMETAZOLINA SOLUCION NASAL ADULTOS 0,05% x15mL PHARMACEUTICAL BUISNESS S.A.S",7.70993E+12,0,100
,,,,PANAL PLENITUD PROTECT TALLA M PQTE X 20 UND,7.75149E+12,0,100
,,,,PANGETAN LOPERAMIDA 2 MG X 100 TABL,7.70206E+12,0,100
,,,,PANOTIL B GOTAS 8ml ZAMBON,7.70345E+12,0,100
,,,,PANUELOS FAMILIA BOLSILLO X 10 UND X 10,7.70203E+12,0,100
,,,,PANUELOS FAMILIA CUIDADO GRIPAL X 10 UND X 10,7.70203E+12,0,100
,,,,PAQ LIMAS 2 TEXTURAS x10 ICOM,7.70477E+12,0,100
,,,,PASEDOL [DIMENHIDRINATO] 50mg x100 ECAR,7.70218E+12,0,100
,,,,PAX DIA NARANJA CAJA X 24 SOBRES,7.70626E+12,0,100
,,,,PAX NOCHE LIMON CAJA X 24 SOBRES,7.70626E+12,0,100
,,,,PAX NOCHE PANELA ACETAMINOFEN FENILEFRINACLORFENIRAMINA X 24 SOBRES,7.70626E+12,0,100
,,,,PAX NOCHE x24 EUROFARMA,7.70613E+12,0,100
,,,,PEDIALYTE 30 ZINC DURAZNO FRASCO 500 ML,7.50103E+12,0,100
,,,,PEDIALYTE 45 MEQ GUARANA 500 ML ZINC,7.50103E+12,0,100
,,,,PEDIALYTE 45 ZINC FRESA FRASCO 500 ML,7.50103E+12,0,100
,,,,PEDIALYTE ACTIVE 30 CEREZA X 500 ML,7.50103E+12,0,100
,,,,PEDIALYTE MAX 60 COCO x500mL,7.50103E+12,0,100
,,,,PEDIALYTE MAX 60 FRESA x500mL,7.50103E+12,0,100
,,,,PEDIALYTE MAX 60 MANZANA x500mL,7.50103E+12,0,100
,,,,PEDIALYTE MAX 60 UVA x500mL,7.50103E+12,0,100
,,,,PEDIASOL ZINC 75 UVA FRASCO x500mL,7.36182E+12,0,100
,,,,PEDIASURE LIQUIDO VAINILLA BOTELLA X 220 ML,8.71043E+12,0,100
,,,,PEDIASURE POLVO VAINILLA TARRO X 400 GR,7.70319E+12,0,100
,,,,PEDIASURE POLVO VAINILLA TARRO X 900 GR,8.71043E+12,0,100
,,,,PENTASOL 5% TUBO X 40 GR,7.70371E+12,0,100
,,,,PEPSAMAR CAJA X 100 TABL,7.70626E+12,0,100
,,,,PERFILADOR DE CEJAS ICOM,7.70477E+12,0,100
,,,,PIROXICAM 20mg x10 COASPHARMA,7.70371E+12,0,100
,,,,PIROXICAM 20mg x10 MK,7.70206E+12,0,100
,,,,POLIVITAMINAS Y MINERALES X 100 CAP,7.70315E+12,0,100
,,,,POLVO COMPACTO NAILEN N 1 X 14 GR,7.70219E+12,0,100
,,,,POMADA PENA N 4 FRASCO X 25 GR,7.70956E+12,0,100
,,,,"POSTONOR-2 0,75mg x2 GEDEON RICHTER",5.997E+12,0,100
,,,,PREDNISOLONA 5mg x300,7.70371E+12,0,100
,,,,PREGABALINA 75 MG CAJA X 14 CAP,7.70206E+12,0,100
,,,,PRESER DUO MOTEL SURTIDO DISPLEY 50 UNIDADES,7.702E+12,0,100
,,,,PRESTIBLOCK [TIMOLOL 0.5%] GOTAS x5ml BLASKOV,7.7029E+12,0,100
,,,,PRIMOSISTON ETINILESTRADIOLNORETISTERONA 0.012 MG X 30 TABL,7.89601E+12,0,100
,,,,PRIMOSISTON ORAL CAJA X 30 TABL,7.89612E+12,0,100
,,,,PRIVATOS JARABE x120mL LAFRANCOL,7.70221E+12,0,100
,,,,PROBIOTICO ENTEROGERMINA SUSPENSION ORAL X 10 FRASCOS,3.58291E+12,0,100
,,,,PROPÓLEO [HEDERA HELIX + MIEL DE ABEJA + ALOEVERA] x180mL ZANECOL,7.70727E+12,0,100
,,,,PROPÓLEO [HEDERA HELIX + MIEL DE ABEJA + EUCALIPTO] x180mL ZANECOL,7.70727E+12,0,100
,,,,PROPÓLEO [HEDERA HELIX + MIEL DE ABEJA + HIERBABUENA] x180mL ZANECOL,7.70727E+12,0,100
,,,,PROPÓLEO [HEDERA HELIX + MIEL DE ABEJA + JENGIBRE] x180mL ZANECOL,7.70727E+12,0,100
,,,,PROPÓLEO [HEDERA HELIX + MIEL DE ABEJA] x180mL ZANECOL,7.70727E+12,0,100
,,,,PROPÓLEO NIÑOS [HEDERA HELIX + MIEL DE ABEJA + VITAMINA C] x180mL ZANECOL,7.70727E+12,0,100
,,,,PROPRANOLOL 40 MG CAJA X 20 TABL,7.70371E+12,0,100
,,,,PROTECTOR SOLAR TANGA SPF 100 CREMA CAJA X 12 SOBRES,7.70211E+12,0,100
,,,,PROTECTOR SOLAR TANGA SPF 50 CREMA PAGUE 10 LLEVE 12 SOBRES,7.70211E+12,0,100
,,,,PROWHEY DM VAINILLA X 400 GR,7.70999E+12,0,100
,,,,PYRALVEX X 10 ML,7.70281E+12,0,100
,,,,QUANOX IVERMECTINA GOTAS X 5 ML,7.70716E+12,0,100
,,,,RECOLECTOR COPROLÓGICO INVERFARMA,7.7073E+12,0,100
,,,,RECOLECTOR DE LECHE MOMYTOS,7.70999E+12,0,100
,,,,RECOLECTOR DE LECHE YOKY,7.70898E+12,0,100
,,,,RECOLECTOR DE ORINA 24 HORAS 3000mL INVERFARMA,7.70947E+12,0,100
,,,,RECOLECTOR DE ORINA FAST CARE x50 ICOM,7.70477E+12,0,100
,,,,REDOXON TOTAL EFERVESCENTE 45g x10 BAYER,7.70212E+12,0,100
,,,,REMOVEDOR DE CUTÍCULA ICOM,7.70477E+12,0,100
,,,,REMOVEDOR ESMALTE LANDER FRASCO X 35 ML,7.70222E+12,0,100
,,,,SACRUSYT (SALBUTAMOL) INHALADOR X 200 DOSIS,7.70727E+12,0,100
,,,,SAL DE FRUTAS LUA X 26 SOBRES,7.70206E+12,0,100
,,,,SAL DE FRUTAS LUA X 8 SOBRES,7.70206E+12,0,100
,,,,SALBUTAMOL JARABE x120ml LAPROFF,7.70304E+12,0,100
,,,,SECNIDAZOL 1g x2 COASPHARMA,7.70371E+12,0,100
,,,,SEDATIF PC X 40 TABL,7.70221E+12,0,100
,,,,SERTAL COMPUESTO CAJA X 10 COMP,7.7307E+12,0,100
,,,,SERTAL GOTAS FRASCO X 20 ML,7.7307E+12,0,100
,,,,SHAMPOO HEAD & SHOULDERS LIMPIEZA RENOVADORA TIRA X 12 SOBRES,2.75004E+13,0,100
,,,,SHOTB VITAMINA x30 GENOMMALAB,7.70999E+12,0,100
,,,,SILDENAFIL 50 MG CAJA X 4 TABL,7.70206E+12,0,100
,,,,SILIMARINA 150 MG X 20 TABL,7.70261E+12,0,100
,,,,SILK-MEDIC GEL 1 % TUBO X 30 GR,6.5024E+11,0,100
,,,,SIMILAC MAMA X 400 GR,7.70319E+12,0,100
,,,,SINOVUL ETINILESTRADIOLLEVONORGESTREL 30150 MCG X 21 TABL,7.70287E+12,0,100
,,,,SINUTAB PLUS NS X 12 TABL,7.50101E+12,0,100
,,,,SINUTAB PLUS X 12 TABL,7.70204E+12,0,100
,,,,SOLHIDREX CEREZA CAJA X 30 SOBRES,7.70718E+12,0,100
,,,,SOLHIDREX FRESA CAJA X 30 SOBRES,7.70718E+12,0,100
,,,,STAN KA [CICLONAMINA (ETAMSILATO)] 500mg x100,7.70997E+12,0,100
,,,,SULFATO DE MAGNESIO SOBRE X 20 G,7.70715E+12,0,100
,,,,SULFATO FERROSO 300mg x300 LAPROFF,7.70304E+12,0,100
,,,,SULFATO FERROSO GOTAS FRASCO X 20 ML,7.70304E+12,0,100
,,,,SULFATO FERROSO GOTAS FRASCO X 20 ML,7.70304E+12,0,100
,,,,SULZINC (SULFATO DE ZINC) SOLUCION FRASCO X 120 ML,7.70729E+12,0,100
,,,,SULZINC (SULFATO DE ZINC) SOLUCION FRASCO X 80 ML,7.70729E+12,0,100
,,,,SUNDAY´S LOCION FPS 50 CJA*24 SACHETS SIEGFRIED,20124001112,0,100
,,,,SUNDOWN SPF 60 DIPLAY X 12 SOBRES,7.70203E+12,0,100
,,,,TALCO MEXSANA TARRO X 150 GR GRATIS TARRO X 85 GR,7.70212E+12,0,100
,,,,TALCO MEXSANA X 150 GR 85 GR PROMO PACK,7.70212E+12,0,100
,,,,TALCO NEOFUNGINA FRASCO X 100 GR,7.70614E+12,0,100
,,,,TALCO NEOFUNGINA FRASCO X 200 GR,7.70614E+12,0,100
,,,,TALCO NEOFUNGINA FRASCO X 40 GR,7.70614E+12,0,100
,,,,TAMPON O.B MEDIO X 16 8 UND SUPER AHORRO,7.70203E+12,0,100
,,,,TAMPON O.B MEDIO X 8 UND,7.89101E+12,0,100
,,,,TAMPON O.B SUPER X 8 UND,7.89101E+12,0,100
,,,,TAMPONES OB SIEMPRELIBRE [SUPER] x16,7.70203E+12,0,100
,,,,TEATRICAL CREMA FACIAL ACLARADORA FRASCO X 100 GR,6.5024E+11,0,100
,,,,TEATRICAL CREMA FACIAL ANTIARRUGAS FRASCO X 100 GR,6.5024E+11,0,100
,,,,TEATRICAL CREMA FACIAL HUMECTANTE FRASCO X 100 GR,6.5024E+11,0,100
,,,,TELMISARTAN 80 MG X 30 TABL,7.70261E+12,0,100
,,,,TENA PANTS CLASICO TALLA L PQTE X 1 UND,7.70203E+12,0,100
,,,,TERMÓMETRO CLÍNICO DIGITAL PUNTA RÍGIDA TERMOCARE,6.97236E+12,0,100
,,,,TESTOVIRON DEPOT TESTOSTERONA 250 mg/1 mL SOLUCIÓN INYECTABLE x1 BAYER,7.70212E+12,0,100
,,,,THERALITE CARBONATO DE LITIO 300 MG X 50 TABL,7.59104E+12,0,100
,,,,TIAMINA 300 MG CAJA X 250 TABL,7.70218E+12,0,100
,,,,TIKOJ [CROMOGLICATO 4%] GOTAS OFTALMICAS x5ml BLASKOV,7.7029E+12,0,100
,,,,TINIDAZOL 1g x4 GENFAR,7.70261E+12,0,100
,,,,TINIDAZOL 500mg x8 MEMPHIS,7.70441E+12,0,100
,,,,TINTE IRIS N 17 AZUL OSCURO CAJA X 9 GR,7.70499E+12,0,100
,,,,TINTE IRIS N 21 VERDE OSCURO CAJA X 9 GR,7.70499E+12,0,100
,,,,TINTE IRIS N 24 NEGRO CAJA X 9 GR,7.70499E+12,0,100
,,,,TIQUEPIN [QUETIAPINA] 25mg x30 HETERO,8.90373E+12,0,100
,,,,TIROSTAT PROPILTIOURACILO 50 MG X 100 TABL,7.70532E+12,0,100
,,,,TOALLAS HUMEDAS PEQUENIN ALMENDRA X 24 UND,7.70203E+12,0,100
,,,,TOALLAS MATERNITY CLÁSICA x10 ZAIMELLA,7.861E+12,0,100
,,,,TRAMADOL GOTAS 100 mg x10ml MEMPHIS,7.70441E+12,0,100
,,,,TRATAMIENTO NUTRIBELA CAUTERIZACION CAJA X 12 SOBRES X 27 ML,7.70235E+12,0,100
,,,,TRATAMIENTO NUTRIBELA REPARACION INTENSIVA CAJA X 12 SOBRES X 27 ML,7.70235E+12,0,100
,,,,TRATAMIENTO NUTRIBELA REPOLARIZACION EN FRIO CAJA X 12 SOBRES X 27 ML,7.70235E+12,0,100
,,,,TRICLIMBAC SOLUCION OTICA FRASCO X 10 ML,7.70702E+12,0,100
,,,,TRIFAST 20g SANFER,7.7022E+12,0,100
,,,,TRIMEBUTINA 200 MG SIMETICONA 120 MG CAJA X 30 TABL,7.70315E+12,0,100
,,,,TROPXIM-F [METRONIDAZOL + CROTIMAZOL] ÓVULOS x10 RUECAM,7.70981E+12,0,100
,,,,TRUXA LEVOFLOXACINA 500 MG X 10 COMP,7.73098E+12,0,100
,,,,TUKOL-D JARABE x125mL GENOMMALAB,6.5024E+11,0,100
,,,,UMQUAN GOTAS X 20 ML,7.46054E+12,0,100
,,,,UMQUAN PELARGONIUM SIDOIDES GOTAS X 50 ML,7.46054E+12,0,100
,,,,UNESIA CREMA TUBO X 20 GR,7.70999E+12,0,100
,,,,UNGUENTO AL MENTOL N 2 LATA X 10 GR,7.70206E+12,0,100
,,,,UNGUENTO MEREY CAJA X 15 GR,7.70698E+12,0,100
,,,,UREADERM 10% CREMA X 60 GR,7.70333E+12,0,100
,,,,UROVITAL x60 NATURAL FRESHLY,7.70723E+12,0,100
,,,,VACOL POMADA REDUCTORA CON COLOR X 20 GR,7.70717E+12,0,100
,,,,VAGILAC X 14 CAP,7.70735E+12,0,100
,,,,VAIO [BETAHISTINA] 8mg x30 BIOQUIFAR,7.70702E+12,0,100
,,,,VALERIANA FRASCO X 30 ML,7.70715E+12,0,100
,,,,VALSARTAN 160 MG X 30 CAP,7.70206E+12,0,100
,,,,VAPORAL INHALADOR BLISTER,7.86211E+12,0,100
,,,,VASOTON GEL X 40 GR,7.70907E+12,0,100
,,,,VENTILAN OSP INHALADOR FRASCO X 200 DOSIS,5.03464E+12,0,100
,,,,VERAPAMILO 120 MG CAJA X 50 TABL,7.70376E+12,0,100
,,,,VERAPAMILO 120 mg MK,7.70206E+12,0,100
,,,,VERAPAMILO 80 MG CAJA X 50 TABL,7.70206E+12,0,100
,,,,VIBAZINA CAJA X 40 TABLETAS,7.70328E+12,0,100
,,,,VICK PASTILLAS CEREZA CAJA X 24 SOBRES,7.50631E+12,0,100
,,,,VICK PASTILLAS MENTA CAJA X 24 SOBRES,7.50631E+12,0,100
,,,,VICK POMADA CAJA X 12 LATAS,7.50044E+12,0,100
,,,,VICK POMADA CAJA X 12 LATAS,7.501E+12,0,100
,,,,VICK POMADA FRASCO X 50 GR,7.50044E+12,0,100
,,,,VICK POMADA X 50 GR 2 PRECIO ESPECIAL,7.50044E+12,0,100
,,,,VITACEREBRINA JARABE CEREZA X 180 ML,7.70706E+12,0,100
,,,,VITACEREBRINA JARABE CEREZA x180mL FINLAY,7.70706E+12,0,100
,,,,VITACEREBRINA JARABE NARANJA x180mL FINLAY,7.70706E+12,0,100
,,,,VITAFER-L GOLD FRASCO X 500 ML,7.70782E+12,0,100
,,,,VITAMINA C + ZINC KEOPS VIT C x100 KEOPS,7.70949E+12,0,100
,,,,VITAMINA C + ZINC TREE C'VIT Z x100 MARKPHARM,7.70774E+12,0,100
,,,,VITAMINA C VICAL 500mg x144 ECAR,7.70218E+12,0,100
,,,,VITAMINA D3 1000 U.I X 100 CAPS,7.70315E+12,0,100
,,,,VITAMINA D3 2000 U.I X 100 CAPS,7.70315E+12,0,100
,,,,VITAMINA E 400U.I x100 COLMED,7.70315E+12,0,100
,,,,VITAMIX 15 X 30 SOBRES,7.70736E+12,0,100
,,,,VOLTAREN 75 MG CAJA X 5 AMP,7.70264E+12,0,100
,,,,WASSERTROL [DEXAMETASONA+NEOMICINA+POLIMIXINA B] GOTAS x5ml TECNOFAR TQ,7.7032E+12,0,100
,,,,WINADOL 500 MG CAJA X 100 TABL,7.70345E+12,0,100
,,,,X RAY DOL CAJA 48 TABLETAS PRECIO ESPECIAL,6.5024E+11,0,100
,,,,X RAY GEL TUBO X 30 GR,6.5024E+11,0,100
,,,,XRAY DOL CAJA X 48 TABLETAS,6.5024E+11,0,100
,,,,YAEL CAJA X 21 TABLETAS,7.70315E+12,0,100
,,,,YASMIN CAJA X 21 TABL.,7.89612E+12,0,100
,,,,YASMINIQ CAJA X 28 TABL,7.89612E+12,0,100
,,,,YODO BLANCO FRASCO X 30 ML,7.70715E+12,0,100
,,,,YODORA CREMA x12g TQ,7.70206E+12,0,100
,,,,ZEROCOLER SIMVASTATINA 40 MG X 10 TABL,7.70218E+12,0,100
